<CompuCell3D Revision="2" Version="4.5.0">
   
   <Metadata>
      
      <!-- Basic properties simulation -->
      <NumberOfProcessors>4</NumberOfProcessors>
      <DebugOutputFrequency>10</DebugOutputFrequency>
      <!-- <NonParallelModule Name="Potts"/> -->
   </Metadata>
   
   <Potts>
      
      <!-- Basic properties of CPM (GGH) algorithm -->
      <Dimensions x="256" y="256" z="1"/>
      <Steps>5000</Steps>
      <Temperature>10.0</Temperature>
      <NeighborOrder>4</NeighborOrder>
      <Boundary_x>Periodic</Boundary_x>
      <Boundary_y>Periodic</Boundary_y>
   </Potts>
   
   <Plugin Name="CellType">
      
      <!-- Listing all cell types in the simulation -->
      <CellType TypeId="0" TypeName="Medium"/>
      <CellType TypeId="1" TypeName="Proliferating"/>
      <CellType TypeId="2" TypeName="Quiescent"/>
      <CellType TypeId="3" TypeName="Necrotic"/>
      <CellType TypeId="4" TypeName="Immune"/>
   </Plugin>
   
   <Plugin Name="Volume"/>
   
   <Plugin Name="CenterOfMass">
      
      <!-- Module tracking center of mass of each cell -->
   </Plugin>
   
   <Plugin Name="NeighborTracker">
      
      <!-- Module tracking neighboring cells of each cell -->
   </Plugin>
   
   <Plugin Name="Contact">
      <!-- Specification of adhesion energies -->
      <Energy Type1="Medium" Type2="Medium">10.0</Energy>
      <Energy Type1="Medium" Type2="Proliferating">10.0</Energy>
      <Energy Type1="Medium" Type2="Quiescent">10.0</Energy>
      <Energy Type1="Medium" Type2="Necrotic">10.0</Energy>
      <Energy Type1="Medium" Type2="Immune">10.0</Energy>
      <Energy Type1="Proliferating" Type2="Proliferating">10.0</Energy>
      <Energy Type1="Proliferating" Type2="Quiescent">10.0</Energy>
      <Energy Type1="Proliferating" Type2="Necrotic">10.0</Energy>
      <Energy Type1="Proliferating" Type2="Immune">10.0</Energy>
      <Energy Type1="Quiescent" Type2="Quiescent">10.0</Energy>
      <Energy Type1="Quiescent" Type2="Necrotic">10.0</Energy>
      <Energy Type1="Quiescent" Type2="Immune">10.0</Energy>
      <Energy Type1="Necrotic" Type2="Necrotic">10.0</Energy>
      <Energy Type1="Necrotic" Type2="Immune">10.0</Energy>
      <Energy Type1="Immune" Type2="Immune">10.0</Energy>
      <NeighborOrder>4</NeighborOrder>
   </Plugin>
   
   <Plugin Name="Chemotaxis">
      
      <!-- Declaration of chemotactic properties -->
      <ChemicalField Name="Cancer_Secretion">
         <ChemotaxisByType Lambda="5.0" Type="Immune"/>
      </ChemicalField>
      <ChemicalField Name="Immune_Secretion">
         <ChemotaxisByType Lambda="-5.0" Type="Proliferating"/>
      </ChemicalField>
   </Plugin>
   
   <Plugin Name="Secretion">
      
      <!-- Specification of secretion properties of select cell types. -->
      <Field Name="Nutrients">
         <ConstantConcentration Type="Medium">100.0</ConstantConcentration>
      </Field>
      <Field Name="Cancer_Secretion">
         <Secretion Type="Proliferating">10.0</Secretion>
      </Field>
      <Field Name="Immune_Secretion">
         <SecretionOnContact SecreteOnContactWith="Proliferating" Type="Immune">10.0</SecretionOnContact>
      </Field>
   </Plugin>
   
   <Steppable Type="DiffusionSolverFE">
      
      <!-- Specification of PDE solvers for the different diffusion fields (secretions) -->
      <DiffusionField Name="Nutrients">
         <DiffusionData>
            <FieldName>Nutrients</FieldName>
            <GlobalDiffusionConstant>10</GlobalDiffusionConstant>
            <GlobalDecayConstant>0.01</GlobalDecayConstant>
            <InitialConcentrationExpression>100</InitialConcentrationExpression>
         </DiffusionData>
         <SecretionData>
         </SecretionData>
         <BoundaryConditions>
            <Plane Axis="X">
               <Periodic/>
            </Plane>
            <Plane Axis="Y">
               <Periodic/>
            </Plane>
         </BoundaryConditions>
      </DiffusionField>
      
      <DiffusionField Name="Cancer_Secretion">
         <DiffusionData>
            <FieldName>Cancer_Secretion</FieldName>
            <GlobalDiffusionConstant>0.1</GlobalDiffusionConstant>
            <GlobalDecayConstant>0</GlobalDecayConstant>
         </DiffusionData>
         <SecretionData>
         </SecretionData>
         <BoundaryConditions>
            <Plane Axis="X">
               <ConstantDerivative PlanePosition="Min" Value="0.0"/>
               <ConstantDerivative PlanePosition="Max" Value="0.0"/>
            </Plane>
            <Plane Axis="Y">
               <ConstantDerivative PlanePosition="Min" Value="0.0"/>
               <ConstantDerivative PlanePosition="Max" Value="0.0"/>
            </Plane>
         </BoundaryConditions>
      </DiffusionField>
      
      <DiffusionField Name="Immune_Secretion">
         <DiffusionData>
            <FieldName>Immune_Secretion</FieldName>
            <GlobalDiffusionConstant>0.1</GlobalDiffusionConstant>
            <GlobalDecayConstant>0.001</GlobalDecayConstant>
         </DiffusionData>
         <SecretionData>
         </SecretionData>
         <BoundaryConditions>
            <Plane Axis="X">
               <ConstantDerivative PlanePosition="Min" Value="0.0"/>
               <ConstantDerivative PlanePosition="Max" Value="0.0"/>
            </Plane>
            <Plane Axis="Y">
               <ConstantDerivative PlanePosition="Min" Value="0.0"/>
               <ConstantDerivative PlanePosition="Max" Value="0.0"/>
            </Plane>
         </BoundaryConditions>
      </DiffusionField>
   </Steppable>
   
   <Steppable Type="BlobInitializer">
      
      <!-- Initial layout of cancer and immune cell clusters -->
      <Region>
         <Center x="128" y="128" z="0"/>
         <Radius>51</Radius>
         <Gap>0</Gap>
         <Width>8</Width>
         <Types>Proliferating</Types>
      </Region>
      <Region>
         <Center x="200" y="200" z="0"/>
         <Radius>20</Radius>
         <Gap>0</Gap>
         <Width>8</Width>
         <Types>Immune</Types>
      </Region>
      <!-- Other clusters used within cluster trials
      <Region>
         <Center x="56" y="56" z="0"/>
         <Radius>20</Radius>
         <Gap>0</Gap>
         <Width>8</Width>
         <Types>Immune</Types>
      </Region>-->
      <!--<Region>
         <Center x="56" y="200" z="0"/>
         <Radius>20</Radius>
         <Gap>0</Gap>
         <Width>8</Width>
         <Types>Immune</Types>
      </Region>-->
   </Steppable>
</CompuCell3D>
